Workbook

Sheet Stock
A1: ลำดับ | B1: Ref. | C1: รายการ | D1: ตัวโชว์ | E1: สต็อก | F1: รวม
A2: 1 | B2: =_xlfn.XLOOKUP(C2,Ref!D:D,Ref!A:A,"ไม่พบ") -> 0 | F2: =SUM(D2:E2) -> 0
A3: 2 | B3: =_xlfn.XLOOKUP(C3,Ref!D:D,Ref!A:A,"ไม่พบ") -> 0 | F3: =SUM(D3:E3) -> 0
A4: 3 | B4: =_xlfn.XLOOKUP(C4,Ref!D:D,Ref!A:A,"ไม่พบ") -> 0 | F4: =SUM(D4:E4) -> 0
A5: 4 | B5: =_xlfn.XLOOKUP(C5,Ref!D:D,Ref!A:A,"ไม่พบ") -> 0 | F5: =SUM(D5:E5) -> 0
A6: 5 | B6: =_xlfn.XLOOKUP(C6,Ref!D:D,Ref!A:A,"ไม่พบ") -> 0 | F6: =SUM(D6:E6) -> 0
A7: 6 | B7: =_xlfn.XLOOKUP(C7,Ref!D:D,Ref!A:A,"ไม่พบ") -> 0 | F7: =SUM(D7:E7) -> 0
A8: 7 | B8: =_xlfn.XLOOKUP(C8,Ref!D:D,Ref!A:A,"ไม่พบ") -> 0 | F8: =SUM(D8:E8) -> 0
A9: 8 | B9: =_xlfn.XLOOKUP(C9,Ref!D:D,Ref!A:A,"ไม่พบ") -> 0 | F9: =SUM(D9:E9) -> 0
A10: 9 | B10: =_xlfn.XLOOKUP(C10,Ref!D:D,Ref!A:A,"ไม่พบ") -> 0 | F10: =SUM(D10:E10) -> 0
A11: 10 | B11: =_xlfn.XLOOKUP(C11,Ref!D:D,Ref!A:A,"ไม่พบ") -> 0 | F11: =SUM(D11:E11) -> 0
A12: 11 | B12: =_xlfn.XLOOKUP(C12,Ref!D:D,Ref!A:A,"ไม่พบ") -> 0 | F12: =SUM(D12:E12) -> 0
A13: 12 | B13: =_xlfn.XLOOKUP(C13,Ref!D:D,Ref!A:A,"ไม่พบ") -> 0 | F13: =SUM(D13:E13) -> 0
... A26: 25 | B26: =_xlfn.XLOOKUP(C26,Ref!D:D,Ref!A:A,"ไม่พบ") -> 0 | F26: =SUM(D26:E26) -> 0
C27: รวมทั้งหมด | D27: =SUM(D2:D26) -> 0 | E27: =SUM(E2:E26) -> 0 | F27: =SUM(F2:F26) -> 0
C29: ชื่องาน:
C30: วันที่:
C31: ลงชื่อ: ธนศักดิ์ (จี๊ป)
C32: วันที่แจ้งเรื่อง:

Sheet Event
A1: ลำดับ | B1: Ref. | C1: รายการ | D1: ตัวโชว์ | E1: สต็อก | F1: รวม
A2: 1 | B2: =_xlfn.XLOOKUP(C2,Ref!D:D,Ref!A:A,"ไม่พบ") -> 0 | F2: =SUM(D2:E2) -> 0
A3: 2 | B3: =_xlfn.XLOOKUP(C3,Ref!D:D,Ref!A:A,"ไม่พบ") -> 0 | F3: =SUM(D3:E3) -> 0
A4: 3 | B4: =_xlfn.XLOOKUP(C4,Ref!D:D,Ref!A:A,"ไม่พบ") -> 0 | F4: =SUM(D4:E4) -> 0
A5: 4 | B5: =_xlfn.XLOOKUP(C5,Ref!D:D,Ref!A:A,"ไม่พบ") -> 0 | F5: =SUM(D5:E5) -> 0
A6: 5 | B6: =_xlfn.XLOOKUP(C6,Ref!D:D,Ref!A:A,"ไม่พบ") -> 0 | F6: =SUM(D6:E6) -> 0
A7: 6 | B7: =_xlfn.XLOOKUP(C7,Ref!D:D,Ref!A:A,"ไม่พบ") -> 0 | F7: =SUM(D7:E7) -> 0
A8: 7 | B8: =_xlfn.XLOOKUP(C8,Ref!D:D,Ref!A:A,"ไม่พบ") -> 0 | F8: =SUM(D8:E8) -> 0
A9: 8 | B9: =_xlfn.XLOOKUP(C9,Ref!D:D,Ref!A:A,"ไม่พบ") -> 0 | F9: =SUM(D9:E9) -> 0
A10: 9 | B10: =_xlfn.XLOOKUP(C10,Ref!D:D,Ref!A:A,"ไม่พบ") -> 0 | F10: =SUM(D10:E10) -> 0
A11: 10 | B11: =_xlfn.XLOOKUP(C11,Ref!D:D,Ref!A:A,"ไม่พบ") -> 0 | F11: =SUM(D11:E11) -> 0
A12: 11 | B12: =_xlfn.XLOOKUP(C12,Ref!D:D,Ref!A:A,"ไม่พบ") -> 0 | F12: =SUM(D12:E12) -> 0
A13: 12 | B13: =_xlfn.XLOOKUP(C13,Ref!D:D,Ref!A:A,"ไม่พบ") -> 0 | F13: =SUM(D13:E13) -> 0
... A26: 25 | B26: =_xlfn.XLOOKUP(C26,Ref!D:D,Ref!A:A,"ไม่พบ") -> 0 | F26: =SUM(D26:E26) -> 0
C27: รวมทั้งหมด | D27: =SUM(D2:D26) -> 0 | E27: =SUM(E2:E26) -> 0 | F27: =SUM(F2:F26) -> 0
C29: ชื่องาน:
C30: สถานที่:
C31: ระยะเวลาจัดงาน:
C32: ติดตั้ง:
C33: รื้อถอน:
C34: เบอร์ติดต่อ:
C35: ลงชื่อ: ธนศักดิ์ (จี๊ป)
C36: วันที่แจ้งเรื่อง:

Sheet C.Stock
A1: งาน:
A2: สถานที่จัดงาน:
A3: วันที่แสดงงาน:
A4: ลำดับ | B4: ODOO | C4: รายการสินค้า | D4: สต็อค | E4: xx/xx/xx | G4: xx/xx/xx | I4: xx/xx/xx | K4: xx/xx/xx | M4: xx/xx/xx | O4: xx/xx/xx | Q4: xx/xx/xx | S4: xx/xx/xx | U4: xx/xx/xx | W4: xx/xx/xx | Y4: xx/xx/xx | AA4: xx/xx/xx
E5: เข้า | F5: ออก | G5: เข้า | H5: ออก | I5: เข้า | J5: ออก | K5: เข้า | L5: ออก | M5: เข้า | N5: ออก | O5: เข้า | P5: ออก | Q5: เข้า | R5: ออก | S5: เข้า | T5: ออก | U5: เข้า | V5: ออก | W5: เข้า | X5: ออก | Y5: เข้า | Z5: ออก | AA5: เข้า | AB5: ออก
A6: 1 | B6: =_xlfn.XLOOKUP(A6,Event!A:A,Event!B:B," ") -> 0 | C6: =_xlfn.XLOOKUP(A6,Event!A:A,Event!C:C," ") -> 0 | D6: =_xlfn.XLOOKUP(A6,Event!A:A,Event!E:E," ") -> 0
A7: 2 | B7: =_xlfn.XLOOKUP(A7,Event!A:A,Event!B:B," ") -> 0 | C7: =_xlfn.XLOOKUP(A7,Event!A:A,Event!C:C," ") -> 0 | D7: =_xlfn.XLOOKUP(A7,Event!A:A,Event!E:E," ") -> 0
A8: 3 | B8: =_xlfn.XLOOKUP(A8,Event!A:A,Event!B:B," ") -> 0 | C8: =_xlfn.XLOOKUP(A8,Event!A:A,Event!C:C," ") -> 0 | D8: =_xlfn.XLOOKUP(A8,Event!A:A,Event!E:E," ") -> 0
A9: 4 | B9: =_xlfn.XLOOKUP(A9,Event!A:A,Event!B:B," ") -> 0 | C9: =_xlfn.XLOOKUP(A9,Event!A:A,Event!C:C," ") -> 0 | D9: =_xlfn.XLOOKUP(A9,Event!A:A,Event!E:E," ") -> 0
A10: 5 | B10: =_xlfn.XLOOKUP(A10,Event!A:A,Event!B:B," ") -> 0 | C10: =_xlfn.XLOOKUP(A10,Event!A:A,Event!C:C," ") -> 0 | D10: =_xlfn.XLOOKUP(A10,Event!A:A,Event!E:E," ") -> 0
A11: 6 | B11: =_xlfn.XLOOKUP(A11,Event!A:A,Event!B:B," ") -> 0 | C11: =_xlfn.XLOOKUP(A11,Event!A:A,Event!C:C," ") -> 0 | D11: =_xlfn.XLOOKUP(A11,Event!A:A,Event!E:E," ") -> 0
A12: 7 | B12: =_xlfn.XLOOKUP(A12,Event!A:A,Event!B:B," ") -> 0 | C12: =_xlfn.XLOOKUP(A12,Event!A:A,Event!C:C," ") -> 0 | D12: =_xlfn.XLOOKUP(A12,Event!A:A,Event!E:E," ") -> 0
A13: 8 | B13: =_xlfn.XLOOKUP(A13,Event!A:A,Event!B:B," ") -> 0 | C13: =_xlfn.XLOOKUP(A13,Event!A:A,Event!C:C," ") -> 0 | D13: =_xlfn.XLOOKUP(A13,Event!A:A,Event!E:E," ") -> 0
A14: 9 | B14: =_xlfn.XLOOKUP(A14,Event!A:A,Event!B:B," ") -> 0 | C14: =_xlfn.XLOOKUP(A14,Event!A:A,Event!C:C," ") -> 0 | D14: =_xlfn.XLOOKUP(A14,Event!A:A,Event!E:E," ") -> 0
A15: 10 | B15: =_xlfn.XLOOKUP(A15,Event!A:A,Event!B:B," ") -> 0 | C15: =_xlfn.XLOOKUP(A15,Event!A:A,Event!C:C," ") -> 0 | D15: =_xlfn.XLOOKUP(A15,Event!A:A,Event!E:E," ") -> 0
A16: 11 | B16: =_xlfn.XLOOKUP(A16,Event!A:A,Event!B:B," ") -> 0 | C16: =_xlfn.XLOOKUP(A16,Event!A:A,Event!C:C," ") -> 0 | D16: =_xlfn.XLOOKUP(A16,Event!A:A,Event!E:E," ") -> 0
A17: 12 | B17: =_xlfn.XLOOKUP(A17,Event!A:A,Event!B:B," ") -> 0 | C17: =_xlfn.XLOOKUP(A17,Event!A:A,Event!C:C," ") -> 0 | D17: =_xlfn.XLOOKUP(A17,Event!A:A,Event!E:E," ") -> 0
... A30: 25 | B30: =_xlfn.XLOOKUP(A30,Event!A:A,Event!B:B," ") -> 0 | C30: =_xlfn.XLOOKUP(A30,Event!A:A,Event!C:C," ") -> 0 | D30: =_xlfn.XLOOKUP(A30,Event!A:A,Event!E:E," ") -> 0
E34: ผู้ตรวจ | G34: ผู้ตรวจ | I34: ผู้ตรวจ | K34: ผู้ตรวจ | M34: ผู้ตรวจ | O34: ผู้ตรวจ | Q34: ผู้ตรวจ | S34: ผู้ตรวจ | U34: ผู้ตรวจ | W34: ผู้ตรวจ | Y34: ผู้ตรวจ | AA34: ผู้ตรวจ
E39: ผู้ส่ง | G39: ผู้ส่ง | I39: ผู้ส่ง | K39: ผู้ส่ง | M39: ผู้ส่ง | O39: ผู้ส่ง | Q39: ผู้ส่ง | S39: ผู้ส่ง | U39: ผู้ส่ง | W39: ผู้ส่ง | Y39: ผู้ส่ง | AA39: ผู้ส่ง

Sheet C.Demo
A1: งาน:
A2: สถานที่จัดงาน:
A3: วันที่แสดงงาน:
A4: ลำดับ | B4: ODOO | C4: รายการสินค้า | D4: ตัวโชว์ | E4: xx/xx/xx | G4: xx/xx/xx | I4: xx/xx/xx | K4: xx/xx/xx | M4: xx/xx/xx | O4: xx/xx/xx | Q4: xx/xx/xx | S4: xx/xx/xx | U4: xx/xx/xx | W4: xx/xx/xx | Y4: xx/xx/xx | AA4: xx/xx/xx
E5: เข้า | F5: ออก | G5: เข้า | H5: ออก | I5: เข้า | J5: ออก | K5: เข้า | L5: ออก | M5: เข้า | N5: ออก | O5: เข้า | P5: ออก | Q5: เข้า | R5: ออก | S5: เข้า | T5: ออก | U5: เข้า | V5: ออก | W5: เข้า | X5: ออก | Y5: เข้า | Z5: ออก | AA5: เข้า | AB5: ออก
A6: 1 | B6: =_xlfn.XLOOKUP(A6,Event!A:A,Event!B:B," ") -> 0 | C6: =_xlfn.XLOOKUP(A6,Event!A:A,Event!C:C," ") -> 0 | D6: =_xlfn.XLOOKUP(A6,Event!A:A,Event!D:D," ") -> 0
A7: 2 | B7: =_xlfn.XLOOKUP(A7,Event!A:A,Event!B:B," ") -> 0 | C7: =_xlfn.XLOOKUP(A7,Event!A:A,Event!C:C," ") -> 0 | D7: =_xlfn.XLOOKUP(A7,Event!A:A,Event!D:D," ") -> 0
A8: 3 | B8: =_xlfn.XLOOKUP(A8,Event!A:A,Event!B:B," ") -> 0 | C8: =_xlfn.XLOOKUP(A8,Event!A:A,Event!C:C," ") -> 0 | D8: =_xlfn.XLOOKUP(A8,Event!A:A,Event!D:D," ") -> 0
A9: 4 | B9: =_xlfn.XLOOKUP(A9,Event!A:A,Event!B:B," ") -> 0 | C9: =_xlfn.XLOOKUP(A9,Event!A:A,Event!C:C," ") -> 0 | D9: =_xlfn.XLOOKUP(A9,Event!A:A,Event!D:D," ") -> 0
A10: 5 | B10: =_xlfn.XLOOKUP(A10,Event!A:A,Event!B:B," ") -> 0 | C10: =_xlfn.XLOOKUP(A10,Event!A:A,Event!C:C," ") -> 0 | D10: =_xlfn.XLOOKUP(A10,Event!A:A,Event!D:D," ") -> 0
A11: 6 | B11: =_xlfn.XLOOKUP(A11,Event!A:A,Event!B:B," ") -> 0 | C11: =_xlfn.XLOOKUP(A11,Event!A:A,Event!C:C," ") -> 0 | D11: =_xlfn.XLOOKUP(A11,Event!A:A,Event!D:D," ") -> 0
A12: 7 | B12: =_xlfn.XLOOKUP(A12,Event!A:A,Event!B:B," ") -> 0 | C12: =_xlfn.XLOOKUP(A12,Event!A:A,Event!C:C," ") -> 0 | D12: =_xlfn.XLOOKUP(A12,Event!A:A,Event!D:D," ") -> 0
A13: 8 | B13: =_xlfn.XLOOKUP(A13,Event!A:A,Event!B:B," ") -> 0 | C13: =_xlfn.XLOOKUP(A13,Event!A:A,Event!C:C," ") -> 0 | D13: =_xlfn.XLOOKUP(A13,Event!A:A,Event!D:D," ") -> 0
A14: 9 | B14: =_xlfn.XLOOKUP(A14,Event!A:A,Event!B:B," ") -> 0 | C14: =_xlfn.XLOOKUP(A14,Event!A:A,Event!C:C," ") -> 0 | D14: =_xlfn.XLOOKUP(A14,Event!A:A,Event!D:D," ") -> 0
A15: 10 | B15: =_xlfn.XLOOKUP(A15,Event!A:A,Event!B:B," ") -> 0 | C15: =_xlfn.XLOOKUP(A15,Event!A:A,Event!C:C," ") -> 0 | D15: =_xlfn.XLOOKUP(A15,Event!A:A,Event!D:D," ") -> 0
A16: 11 | B16: =_xlfn.XLOOKUP(A16,Event!A:A,Event!B:B," ") -> 0 | C16: =_xlfn.XLOOKUP(A16,Event!A:A,Event!C:C," ") -> 0 | D16: =_xlfn.XLOOKUP(A16,Event!A:A,Event!D:D," ") -> 0
A17: 12 | B17: =_xlfn.XLOOKUP(A17,Event!A:A,Event!B:B," ") -> 0 | C17: =_xlfn.XLOOKUP(A17,Event!A:A,Event!C:C," ") -> 0 | D17: =_xlfn.XLOOKUP(A17,Event!A:A,Event!D:D," ") -> 0
... A30: 25 | B30: =_xlfn.XLOOKUP(A30,Event!A:A,Event!B:B," ") -> 0 | C30: =_xlfn.XLOOKUP(A30,Event!A:A,Event!C:C," ") -> 0 | D30: =_xlfn.XLOOKUP(A30,Event!A:A,Event!D:D," ") -> 0
E34: ผู้ตรวจ | G34: ผู้ตรวจ | I34: ผู้ตรวจ | K34: ผู้ตรวจ | M34: ผู้ตรวจ | O34: ผู้ตรวจ | Q34: ผู้ตรวจ | S34: ผู้ตรวจ | U34: ผู้ตรวจ | W34: ผู้ตรวจ | Y34: ผู้ตรวจ | AA34: ผู้ตรวจ
E39: ผู้ส่ง | G39: ผู้ส่ง | I39: ผู้ส่ง | K39: ผู้ส่ง | M39: ผู้ส่ง | O39: ผู้ส่ง | Q39: ผู้ส่ง | S39: ผู้ส่ง | U39: ผู้ส่ง | W39: ผู้ส่ง | Y39: ผู้ส่ง | AA39: ผู้ส่ง

Sheet Ref
A1: Odoo | B1: Barcode | C1: Product Name | D1: Arrange Name | E1: Black Price | F1: Red Price
A2: A10018 | B2: 8859845000186 | C2: ERGO MOUSE 01 | D2: ERGO MOUSE 01 | E2: 1590 | F2: 999
A3: A10072 | B3: 8859845000414 | C3: RGB DESK MAT (KEYBOARD PAD) | D3: RGB DESK MAT (KEYBOARD PAD) | E3: 1190 | F3: 690
A4: A10073 | B4: 8859845000421 | C4: RGB MOUSE PAD | D4: RGB MOUSE PAD | E4: 790 | F4: 490
A5: A10074 | B5: 8859845000438 | C5: YALE KEYBOARD WRIST PAD | D5: YALE KEYBOARD WRIST PAD | E5: 690 | F5: 390
A6: A10075 | B6: 8859845000445 | C6: YALE MOUSE PAD | D6: YALE MOUSE PAD | E6: 790 | F6: 490
A7: A10023 | B7: 8859845000230 | C7: Aluminum Laptop Riser 01 | D7: ALUMINUM LAPTOP RISER 01 | E7: 1590 | F7: 999
A8: A10067 | B8: 8859845000360 | C8: PORTO PHONE & TABLET STAND | D8: PORTO PHONE & TABLET STAND | E8: 1399 | F8: 999
A9: A10188 | B9: 8859845000575 | C9: LIMA Mobile Phone Holder | D9: LIMA MOBILE PHONE HOLDER | E9: 790 | F9: 599
A10: A10189 | B10: 8859845000582 | C10: SKI Laptop Riser | D10: SKI LAPTOP RISER | E10: 690 | F10: 499
A11: A10190 | B11: 8859845000599 | C11: HAVANA Laptop Riser | D11: HAVANA LAPTOP RISER | E11: 2590 | F11: 1990
A12: A10180 | B12: 8859845000506 | C12: ลูกบอลบริหารมือ EGG GRIP BALL | D12: EGG GRIP BALL | E12: 190 | F12: 149
A13: A10183 | B13: 8859845000537 | C13: SPIDER Finger Stretcher ยางยืดบริหารนิ้วมือ | D13: SPIDER FINGER STRETCHER | E13: 190 | F13: 149
... A36: A10041 | B36: 8859845000896 | C36: Mesh Cable Tray | D36: MESH CABLE TRAY | E36: 1090 | F36: 790
A37: A10042 | C37: Cable Tube white for Sit2Stand | D37: CABLE TUBE WHITE FOR SIT2STAND | E37: 1590 | F37: 990
A38: A10043 | C38: Cable Tube black for Sit2Stand | D38: CABLE TUBE BLACK FOR SIT2STAND | E38: 1590 | F38: 990
A39: A10044 | C39: Cable Snake white for Sit2Stand | D39: CABLE SNAKE WHITE FOR SIT2STAND | E39: 1290 | F39: 790
A40: A10045 | C40: Cable Snake black for Sit2Stand | D40: CABLE SNAKE BLACK FOR SIT2STAND | E40: 1290 | F40: 790
A41: A10046 | C41: Cable Cover white for Sit2Stand | D41: CABLE COVER WHITE FOR SIT2STAND | E41: 1290 | F41: 790
A42: A10047 | C42: Cable Cover black for Sit2Stand | D42: CABLE COVER BLACK FOR SIT2STAND | E42: 1290 | F42: 790
A43: A10227 | B43: 8859845002975 | C43: LAPTOP PRO Laptop Table on Chair (Black) | D43: LAPTOP PRO LAPTOP TABLE ON CHAIR (BLACK) | E43: 3390 | F43: 1990
A44: A10228 | B44: 8859845002982 | C44: LAPTOP PRO Laptop Table on Chair (Grey) | D44: LAPTOP PRO LAPTOP TABLE ON CHAIR (GREY) | E44: 3390 | F44: 1990
A45: A10010 | B45: 8859845000148 | C45: POWER STRIP HOLDER (MH01-2) | D45: POWER STRIP HOLDER (MH01-2) | E45: 590 | F45: 490
A46: A10013 | B46: 8859845000162 | C46: Smart Keyboard Tray -Black | D46: SMART KEYBOARD TRAY -BLACK | E46: 7100 | F46: 4990
A47: A10028 | B47: 8859845000285 | C47: COMBI CHAIR | D47: Combi Chair | E47: 2590 | F47: 1690
A48: A10216 | B48: 8859845001619 | C48: COMBI CHAIR JUMBO GRAY | D48: Combi Chair Jumbo Gray | E48: 2760 | F48: 1790
A49: A10076 | B49: 8859845000452 | C49: BRIX ARMREST CUSHION | D49: Brix Armrest Cushion | E49: 690 | F49: 490
A50: A10148 | B50: 8859845000469 | C50: PHYSIO ERGO CUSHION FOR HIGH BACK (Middle Back) | D50: Physio Ergo Cushion For Middle Back | E50: 2490 | F50: 1290
A51: A10149 | B51: 8859845000476 | C51: PHYSIO ERGO CUSHION FOR LOWER BACK | D51: Physio Ergo Cushion For Lower Back | E51: 2490 | F51: 1290
A52: A10150 | B52: 8859845000483 | C52: PHYSIO ERGO SEAT CUSHION | D52: Physio Ergo Seat Cushion | E52: 1390 | F52: 990
A53: A10207 | B53: 8859845000605 | C53: LIMO Car Seat Back Cushion | D53: Limo Car Seat Back Cushion | E53: 990 | F53: 599
A54: A10208 | B54: 8859845000612 | C54: MOBIL Car Seat Neck Cushion | D54: Mobil Car Seat Neck Cushion | E54: 590 | F54: 399
... A62: A10030 | B62: 8859845001589 | C62: MIYO-HIP UP CUSHION-MEMORY FOAM | D62: Miyo Hip Up Cushion | E62: 1550 | F62: 990
A63: C10038 | C63: เก้าอี้ รุ่น ANOMOUS | D63: เก้าอี้เพื่อสุขภาพ รุ่น Anomous | E63: 8400 | F63: 4990
A64: C10071 | C64: เก้าอี้ รุ่น KONOMOUS | D64: เก้าอี้เพื่อสุขภาพ รุ่น Konomous | E64: 8400 | F64: 4990
A65: C10039 | C65: เก้าอี้ รุ่น Bergen-All Black | D65: เก้าอี้เพื่อสุขภาพ รุ่น Bergen All Black | E65: 34900 | F65: 19990
A66: C10040 | B66: 8859845001367 | C66: เก้าอี้ รุ่น Bergen | D66: เก้าอี้เพื่อสุขภาพ รุ่น Bergen | E66: 34900 | F66: 19990
A67: C10041 | B67: 8859845001992 | C67: เก้าอี้รุ่น Beyond-Gray | D67: เก้าอี้เพื่อสุขภาพ รุ่น Beyond-Gray | E67: 34500 | F67: 22900
A68: C10043 | C68: เก้าอี้เพื่อสุขภาพ รุ่น Butterfly01BMM | D68: เก้าอี้เพื่อสุขภาพ รุ่น Butterfly01Bmm | E68: 34500 | F68: 22900
A69: C10044 | B69: 8859845002746 | C69: เก้าอี้สำนักงานเพื่อสุขภาพ รุ่น Butterfly01GMM | D69: เก้าอี้เพื่อสุขภาพ รุ่น Butterfly01Gmm | E69: 34500 | F69: 22900
A70: C10045 | C70: เก้าอี้เพื่อสุขภาพ รุ่น CHARM 01BMF | D70: เก้าอี้เพื่อสุขภาพ รุ่น Charm 01Bmf | E70: 22900 | F70: 13900
A71: C10046 | B71: 8859845000780 | C71: เก้าอี้เพื่อสุขภาพ รุ่น DOOM 01BMF | D71: เก้าอี้เพื่อสุขภาพ รุ่น Doom 01Bmf | E71: 22900 | F71: 12900
A72: C10048 | B72: 8859845002005 | C72: เก้าอี้รุ่น DUAL-X | D72: เก้าอี้เพื่อสุขภาพ รุ่น Dual-X | E72: 11900 | F72: 8400
A73: C10049 | C73: เก้าอี้รุ่น DUAL-X Classic | D73: เก้าอี้เพื่อสุขภาพ รุ่น Dual-X Classic | E73: 11900 | F73: 8900
A74: C10051 | B74: 8859845002180 | C74: เก้าอี้รุ่น DUAL-X1 | D74: เก้าอี้เพื่อสุขภาพ รุ่น Dual-X1 | E74: 6900 | F74: 6900
A75: C10060 | C75: เก้าอี้ ERGO JOY PLUS 01BMM-ดำ | D75: เก้าอี้เพื่อสุขภาพ รุ่น Ergo Joy Plus | E75: 11900 | F75: 8900
A76: C10061 | C76: เก้าอี้ ERGO JOY PRO 01BMM-ดำ | D76: เก้าอี้เพื่อสุขภาพ รุ่น Ergo Joy Pro | E76: 11900 | F76: 8900
A77: C10062 | C77: เก้าอี้รุ่น ERGO-X-Black | D77: เก้าอี้เพื่อสุขภาพ รุ่น Ergo-X-Black | E77: 34900 | F77: 19990
A78: C10063 | C78: เก้าอี้รุ่น ERGO-X-Grey | D78: เก้าอี้เพื่อสุขภาพ รุ่น Ergo-X-Grey | E78: 38900 | F78: 22990
A79: C10064 | C79: เก้าอี้รุ่น ERGO-X-Green | D79: เก้าอี้เพื่อสุขภาพ รุ่น Ergo-X-Green | E79: 38900 | F79: 22990
A80: C10066 | C80: เก้าอี้รุ่น Gotland | D80: เก้าอี้เพื่อสุขภาพ รุ่น Gotland | E80: 33500 | F80: 21900
A81: C10073 | C81: เก้าอี้รุ่น LUND-Black | D81: เก้าอี้เพื่อสุขภาพ รุ่น Lund-Black | E81: 11900 | F81: 8900
A82: C10074 | C82: เก้าอี้รุ่น LUND-Black (No Headrest) | D82: เก้าอี้เพื่อสุขภาพ รุ่น Lund-Black (No Headrest) | E82: 11400 | F82: 7990
A83: C10075 | C83: เก้าอี้ รุ่น M-Bergen | D83: เก้าอี้เพื่อสุขภาพ รุ่น M-Bergen | E83: 34900 | F83: 19990
A84: C10076 | C84: เก้าอี้ รุ่น M-GOTLAND | D84: เก้าอี้เพื่อสุขภาพ รุ่น M-Gotland | E84: 22900 | F84: 13900
A85: C10078 | C85: เก้าอี้รุ่น Oster | D85: เก้าอี้เพื่อสุขภาพ รุ่น Oster | E85: 37500 | F85: 24900
A86: C10079 | C86: เก้าอี้ PORTSEA 01BMM | D86: เก้าอี้เพื่อสุขภาพ รุ่น Portsea 01Bmm | E86: 22300 | F86: 14900
A87: C10080 | B87: 8859845000797 | C87: เก้าอี้ MALMO | D87: เก้าอี้เพื่อสุขภาพ รุ่น Malmo | E87: 22900 | F87: 14900
A88: C10081 | B88: 8859845000803 | C88: เก้าอี้ MALMO Light | D88: เก้าอี้เพื่อสุขภาพ รุ่น Malmo Light | E88: 15900 | F88: 9900
A89: C10085 | B89: 8859845002753 | C89: เก้าอี้ ULTIMATE-Butterfly | D89: เก้าอี้เพื่อสุขภาพ รุ่น Ultimate-Butterfly | E89: 45900 | F89: 29990
A90: C10086 | B90: 8859845000810 | C90: เก้าอี้ ULTIMATE-MALMO | D90: เก้าอี้เพื่อสุขภาพ รุ่น Ultimate-Malmo | E90: 30900 | F90: 19990
A91: C10087 | C91: เก้าอี้ ULTIMATE-PORTSEA | D91: เก้าอี้เพื่อสุขภาพ รุ่น Ultimate-Portsea | E91: 30900 | F91: 19990
A92: C10090 | C92: เก้าอี้รุ่น Wisby | D92: เก้าอี้เพื่อสุขภาพ รุ่น Wisby | E92: 19900 | F92: 19900
A93: C10091 | C93: เก้าอี้ รุ่น Z-GOTLAND | D93: เก้าอี้เพื่อสุขภาพ รุ่น Z-Gotland | E93: 16900 | F93: 10900
A94: C10092 | C94: เก้าอี้รุ่น TRULY - GREY | D94: เก้าอี้เพื่อสุขภาพ รุ่น Truly - Grey | E94: 40400 | F94: 28900
A95: C10218 | C95: เก้าอี้ รุ่น ERGO JOY REST | D95: เก้าอี้เพื่อสุขภาพ รุ่น Ergo Joy Rest | E95: 23900 | F95: 15900
A96: C10219 | C96: เก้าอี้ รุ่น MALMO MILLIMETER | D96: เก้าอี้เพื่อสุขภาพ รุ่น Malmo Millimeter | E96: 37500 | F96: 24900
A97: C10254 | B97: 8859845000742 | C97: เก้าอี้ รุ่น STUNT | D97: เก้าอี้เพื่อสุขภาพ รุ่น Stunt | E97: 29900 | F97: 17900
A98: C10255 | B98: 8859845000759 | C98: เก้าอี้ รุ่น SPACIO | D98: เก้าอี้เพื่อสุขภาพ รุ่น Spacio | E98: 29900 | F98: 17900
A99: C10310 | C99: เก้าอี้เพื่อสุขภาพ รุ่น HESSE | D99: เก้าอี้เพื่อสุขภาพ รุ่น Hesse | E99: 24900 | F99: 16900
A100: C10311 | C100: เก้าอี้ รุ่น X-Beyond | D100: เก้าอี้เพื่อสุขภาพ รุ่น X-Beyond | E100: 29900 | F100: 17900
A101: C10319 | C101: เก้าอี้เพื่อสุขภาพ เออร์โกเทรน BRUGE | D101: เก้าอี้เพื่อสุขภาพ รุ่น Bruge | E101: 24900 | F101: 16900
A102: C10320 | C102: เก้าอี้เพื่อสุขภาพ เออร์โกเทรน DOLPH | D102: เก้าอี้เพื่อสุขภาพ รุ่น Dolph | E102: 24900 | F102: 16900
A103: C10350 | B103: 8859845000766 | C103: เก้าอี้เพื่อสุขภาพ Ultimate Spacio สีดำ | D103: เก้าอี้เพื่อสุขภาพ รุ่น Ultimate Spacio สีดำ | E103: 38500 | F103: 24900
A104: C10351 | B104: 8859845000773 | C104: เก้าอี้เพื่อสุขภาพ Ultimate Spacio สีเทา | D104: เก้าอี้เพื่อสุขภาพ รุ่น Ultimate Spacio สีเทา | E104: 38500 | F104: 24900
A105: C10362 | B105: 8859845000889 | C105: เก้าอี้เพื่อสุขภาพ รุ่น Dawn | D105: เก้าอี้เพื่อสุขภาพ รุ่น Dawn | E105: 8900 | F105: 3990
A106: C10363 | B106: 8859845000872 | C106: เก้าอี้เพื่อสุขภาพ รุ่น Milton | D106: เก้าอี้เพื่อสุขภาพ รุ่น Milton | E106: 8700 | F106: 3590
A107: C10364 | B107: 8859845000865 | C107: เก้าอี้เพื่อสุขภาพ รุ่น Rio | D107: เก้าอี้เพื่อสุขภาพ รุ่น Rio | E107: 6900 | F107: 2990
A108: C10369 | B108: 8859845000094 | C108: เก้าอี้เพื่อสุขภาพ เออร์โกเทรน รุ่น CROSS สีดำ | D108: เก้าอี้เพื่อสุขภาพ รุ่น Cross สีดำ | E108: 14900 | F108: 8900
A109: C10370 | B109: 8859845000100 | C109: เก้าอี้เพื่อสุขภาพ เออร์โกเทรน รุ่น CROSS สีขาว | D109: เก้าอี้เพื่อสุขภาพ รุ่น Cross สีขาว | E109: 15900 | F109: 9900
A110: C10371 | B110: 8859845000117 | C110: เก้าอี้เพื่อสุขภาพ เออร์โกเทรน รุ่น CROSS สีเทา | D110: เก้าอี้เพื่อสุขภาพ รุ่น Cross สีเทา | E110: 15900 | F110: 9900
A111: C10372 | B111: 8859845001381 | C111: Ergotrend ErgoMatic Pro Chair | D111: เก้าอี้เพื่อสุขภาพ รุ่น Ergomatic Pro | E111: 17900 | F111: 10900
A112: C10373 | B112: 8859845001398 | C112: Ergotrend ErgoMatic Plus Chair | D112: เก้าอี้เพื่อสุขภาพ รุ่น Ergomatic Plus | E112: 16900 | F112: 9900
A113: C10382 | B113: 8859845002760 | C113: Ergotrend YOO Black Chair | D113: เก้าอี้เพื่อสุขภาพ รุ่น Yoo สีดำ | E113: 7490 | F113: 4490
A114: C10383 | B114: 8859845002777 | C114: Ergotrend YOO Grey Chair | D114: เก้าอี้เพื่อสุขภาพ รุ่น Yoo สีเทา | E114: 7990 | F114: 4990
... A124: S12977 | B124: 8859845000902 | C124: Sit 2 Stand TO GO-Black | D124: โต๊ะปรับระดับไฟฟ้า รุ่น Stand To Go-Black | E124: 12900 | F124: 9900
A125: S12978 | B125: 8850001002464 | C125: Sit2Stand Warrace L-shaped Desk | D125: โต๊ะปรับระดับไฟฟ้า รุ่น Warrace L-Shaped Desk | F125: 14400
A126: S13286 | B126: 8859845000124 | C126: SIT2STAND NORM Black | D126: โต๊ะปรับระดับไฟฟ้า รุ่น Norm Black | E126: 14900 | F126: 9900
A127: S13287 | B127: 8859845000131 | C127: SIT2STAND NORM White | D127: โต๊ะปรับระดับไฟฟ้า รุ่น Norm White | E127: 14900 | F127: 9900
A128: S13335 | B128: 8859845000858 | C128: SIT2STAND ABSOLUTE DESK (WHITE-OAK) | D128: โต๊ะปรับระดับไฟฟ้า รุ่น Absolute Desk (White-Oak) | E128: 20600 | F128: 13400
A129: S13462 | B129: 8859845001374 | C129: SIT2STAND NORM White Oak | D129: โต๊ะปรับระดับไฟฟ้า รุ่น Norm White Oak | E129: 14900 | F129: 9900
A130: S13469 | B130: 8859845001404 | C130: ELEVIO Height Adjustable Desk 120x60 Light Walnut-Black | D130: โต๊ะปรับระดับไฟฟ้า รุ่น Elevio 120X60 Light Walnut-Black | E130: 22900 | F130: 14900
A131: S13470 | B131: 8859845001411 | C131: ELEVIO Height Adjustable Desk 120x60 Black Walnut-Black | D131: โต๊ะปรับระดับไฟฟ้า รุ่น Elevio 120X60 Black Walnut-Black | E131: 22900 | F131: 14900
A132: S13471 | B132: 8859845001428 | C132: ELEVIO Height Adjustable Desk 120x60 Artisan Oak-White | D132: โต๊ะปรับระดับไฟฟ้า รุ่น Elevio 120X60 Artisan Oak-White | E132: 22900 | F132: 14900
A133: S13472 | B133: 8859845001435 | C133: ELEVIO Height Adjustable Desk 120x60 White Walnut-White | D133: โต๊ะปรับระดับไฟฟ้า รุ่น Elevio 120X60 White Walnut-White | E133: 22900 | F133: 14900
A134: S13636 | B134: 8859845002845 | C134: ELEVIO Height Adjustable Desk 120x60 Carbon Fiber-Black | D134: โต๊ะปรับระดับไฟฟ้า รุ่น Elevio 120X60 Carbon Fiber-Black | E134: 22900 | F134: 14900
A135: S13473 | B135: 8859845001442 | C135: ELEVIO Height Adjustable Desk 140x70 Light Walnut-Black | D135: โต๊ะปรับระดับไฟฟ้า รุ่น Elevio 140X70 Light Walnut-Black | E135: 25900 | F135: 16900
A136: S13474 | B136: 8859845001459 | C136: ELEVIO Height Adjustable Desk 140x70 Black Walnut-Black | D136: โต๊ะปรับระดับไฟฟ้า รุ่น Elevio 140X70 Black Walnut-Black | E136: 25900 | F136: 16900
A137: S13475 | B137: 8859845001466 | C137: ELEVIO Height Adjustable Desk 140x70 Artisan Oak-White | D137: โต๊ะปรับระดับไฟฟ้า รุ่น Elevio 140X70 Artisan Oak-White | E137: 25900 | F137: 16900
... A153: S13643 | B153: 8859845002913 | C153: FLOW Height Adjustable Side Desk 70x40x69-105CM Oak-White | D153: โต๊ะข้างปรับระดับ รุ่น Flow 70X40X69-105Cm Oak-White | E153: 6400 | F153: 3900
...
